sarpol_01.jpg,0
sarpol_02.jpg,0
sarpol_03.jpg,0
sarpol_04.jpg,0
sarpol_05.jpg,0
sarpol_06.jpg,0
sarpol_07.jpg,0
sarpol_08.jpg,0
sarpol_09.jpg,0
sarpol_10.jpg,0
sarpol_11.jpg,0
sarpol_12.jpg,0
sarpol_13.jpg,0
sarpol_14.jpg,0
sarpol_15.jpg,0
sarpol_16.jpg,0
sarpol_17.jpg,0
sarpol_18.jpg,0
sarpol_19.jpg,0
sarpol_20.jpg,0
sarpol_21.jpg,0
sarpol_22.jpg,0
sarpol_23.jpg,0
sarpol_24.jpg,0
sarpol_25.jpg,0
sarpol_26.jpg,0
sarpol_27.jpg,0
sarpol_28.jpg,0
sarpol_29.jpg,0
sarpol_30.jpg,0
sarpol_31.jpg,0
sarpol_32.jpg,0
sarpol_33.jpg,0
sarpol_34.jpg,0
sarpol_35.jpg,0
sarpol_36.jpg,0
sarpol_37.jpg,0
sarpol_38.jpg,0
sarpol_39.jpg,0
sarpol_40.jpg,0
sarpol_41.jpg,0
sarpol_42.jpg,0
sarpol_43.jpg,0
sarpol_44.jpg,0
sarpol_45.jpg,0
sarpol_46.jpg,0
sarpol_47.jpg,0
sarpol_48.jpg,0
sarpol_49.jpg,0
sarpol_50.jpg,0
sarpol_51.jpg,0
sarpol_52.jpg,0
sarpol_53.jpg,0
sarpol_54.jpg,0
sarpol_55.jpg,0
sarpol_56.jpg,0
sarpol_57.jpg,0
sarpol_58.jpg,0
sarpol_59.jpg,0
sarpol_60.jpg,0
sarpol_61.jpg,0
sarpol_62.jpg,0
sarpol_63.jpg,0
sarpol_64.jpg,0
sarpol_65.jpg,0
sarpol_66.jpg,0
sarpol_67.jpg,0
sarpol_68.jpg,0
sarpol_69.jpg,0
sarpol_70.jpg,0
sarpol_71.jpg,0
sarpol_72.jpg,0
sarpol_73.jpg,0
sarpol_74.jpg,0
sarpol_75.jpg,0
sarpol_76.jpg,0
sarpol_77.jpg,0
sarpol_78.jpg,0
sarpol_79.jpg,0
sarpol_80.jpg,0
sarpol_81.jpg,0
sarpol_82.jpg,0
sarpol_83.jpg,0
sarpol_84.jpg,0
sarpol_85.jpg,0
sarpol_86.jpg,0
sarpol_87.jpg,0
sarpol_88.jpg,0
sarpol_89.jpg,0
sarpol_90.jpg,0
sarpol_91.jpg,0
sarpol_92.jpg,0
sarpol_93.jpg,0
sarpol_94.jpg,0
sarpol_95.jpg,0
sarpol_96.jpg,0
sarpol_97.jpg,0
sarpol_98.jpg,0
sarpol_99.jpg,0
sarpol_100.jpg,0
sarpol_101.jpg,0
sarpol_102.jpg,0
sarpol_103.jpg,0
sarpol_104.jpg,0
sarpol_105.jpg,0
sarpol_106.jpg,0
sarpol_107.jpg,0
sarpol_108.jpg,0
sarpol_109.jpg,0
sarpol_110.jpg,0
sarpol_111.jpg,0
sarpol_112.jpg,0
sarpol_113.jpg,0
sarpol_114.jpg,0
sarpol_115.jpg,0
sarpol_116.jpg,0
sarpol_117.jpg,0
sarpol_118.jpg,0
sarpol_119.jpg,0
sarpol_120.jpg,0
sarpol_121.jpg,0
sarpol_122.jpg,0
sarpol_123.jpg,0
sarpol_124.jpg,0
sarpol_125.jpg,0
sarpol_126.jpg,0
sarpol_127.jpg,0
sarpol_128.jpg,0
sarpol_129.jpg,0
sarpol_130.jpg,0
sarpol_131.jpg,0
sarpol_132.jpg,0
sarpol_133.jpg,0
sarpol_134.jpg,0
sarpol_135.jpg,0
sarpol_136.jpg,0
sarpol_137.jpg,0
sarpol_138.jpg,0
sarpol_139.jpg,0
sarpol_140.jpg,0
sarpol_141.jpg,0
sarpol_142.jpg,0
sarpol_143.jpg,0
sarpol_144.jpg,0
sarpol_145.jpg,0
sarpol_146.jpg,0
sarpol_147.jpg,0
sarpol_148.jpg,0
sarpol_149.jpg,0
sarpol_150.jpg,0
sarpol_151.jpg,0
sarpol_152.jpg,0
sarpol_153.jpg,0
sarpol_154.jpg,0
sarpol_155.jpg,0
sarpol_156.jpg,0
sarpol_157.jpg,0
sarpol_158.jpg,0
sarpol_159.jpg,0
sarpol_160.jpg,0
sarpol_161.jpg,0
sarpol_162.jpg,0
sarpol_163.jpg,0
sarpol_164.jpg,0
sarpol_165.jpg,0
sarpol_166.jpg,0
sarpol_167.jpg,0
sarpol_168.jpg,0
sarpol_169.jpg,0
sarpol_170.jpg,0
sarpol_171.jpg,0
sarpol_172.jpg,0
sarpol_173.jpg,0
sarpol_174.jpg,0
sarpol_175.jpg,0
sarpol_176.jpg,0
sarpol_177.jpg,0
sarpol_178.jpg,0
sarpol_179.jpg,0
sarpol_180.jpg,0
sarpol_181.jpg,0
sarpol_182.jpg,0
sarpol_183.jpg,0
sarpol_184.jpg,0
sarpol_185.jpg,0
sarpol_186.jpg,0
sarpol_187.jpg,0
sarpol_188.jpg,0
sarpol_189.jpg,0
sarpol_190.jpg,0
sarpol_191.jpg,0
sarpol_192.jpg,0
sarpol_193.jpg,0
sarpol_194.jpg,0
sarpol_195.jpg,0
sarpol_196.jpg,0
sarpol_197.jpg,0
sarpol_198.jpg,0
sarpol_199.jpg,0
sarpol_200.jpg,0
sarpol_201.jpg,0
sarpol_202.jpg,0
sarpol_203.jpg,0
sarpol_204.jpg,0
sarpol_205.jpg,0
sarpol_206.jpg,0
sarpol_207.jpg,0
sarpol_208.jpg,0
sarpol_209.jpg,0
sarpol_210.jpg,0
sarpol_211.jpg,0
sarpol_212.jpg,0
sarpol_213.jpg,0
sarpol_214.jpg,0
sarpol_215.jpg,0
sarpol_216.jpg,0
sarpol_217.jpg,0
sarpol_218.jpg,0
sarpol_219.jpg,0
sarpol_220.jpg,0
sarpol_221.jpg,0
sarpol_222.jpg,0
sarpol_223.jpg,0
sarpol_224.jpg,0
sarpol_225.jpg,0
sarpol_226.jpg,0
sarpol_227.jpg,0
sarpol_228.jpg,0
sarpol_229.jpg,0
sarpol_230.jpg,0
sarpol_231.jpg,0
sarpol_232.jpg,0
sarpol_233.jpg,0
sarpol_234.jpg,0
sarpol_235.jpg,0
sarpol_236.jpg,0
sarpol_237.jpg,0
sarpol_238.jpg,0
sarpol_239.jpg,0
sarpol_240.jpg,0
sarpol_241.jpg,0
sarpol_242.jpg,0
sarpol_243.jpg,0
sarpol_244.jpg,0
sarpol_245.jpg,0
sarpol_246.jpg,0
sarpol_247.jpg,0
sarpol_248.jpg,0
sarpol_249.jpg,0
sarpol_250.jpg,0
sarpol_251.jpg,0
sarpol_252.jpg,0
sarpol_253.jpg,0
sarpol_254.jpg,0
sarpol_255.jpg,0
sarpol_256.jpg,0